<?xml version="1.0" encoding="utf-8"?>
<modification>
   
    <name> My Modification</name>
    <version>3.0.3.8</version>
	<code> mobikul</code>
    <author>OpenCart Ltd</author>
    <link>http://www.opencart.com</link>
    <file path="admin/controller/common/column_left.php">
        <operation>
            <search><![CDATA[
           $catalog = array();
            ]]></search>
            <add position="before"><![CDATA[
			if($this->config->get('module_bill_status')==1){

			if ($this->user->hasPermission('access', 'bill/room')) {
				$payinguest[] = array(
					'name'	   => $this->language->get('Rooms'),
					'href'     => $this->url->link('bill/room', 'user_token=' . $this->session->data['user_token'], true),
					'children' => array()
				);
			}
			if ($payinguest) {
				$data['menus'][] = array(
					'id'       => 'menu-payingguest',
					'icon'	   => 'fa-user',
					'name'	   => $this->language->get('Payingguest'),
					'href'     => '',
					'children' => $payinguest
				);
			}
			}

            ]]></add>
        </operation>
    </file>  
</modification>